rank_,d2009_01_31,d2009_02_28,d2009_03_31,d2009_04_30,d2009_05_31,d2009_06_30,d2009_07_31,d2009_08_31,d2009_09_30,d2009_10_31,d2009_11_30,d2009_12_31,d2010_01_31,d2010_02_28,d2010_03_31,d2010_04_30,d2010_05_31,d2010_06_30,d2010_07_31,d2010_08_31,d2010_09_30,d2010_10_31,d2010_11_30,d2010_12_31,d2011_01_31,d2011_02_28,d2011_03_31,d2011_04_30,d2011_05_31,d2011_06_30,d2011_07_31,d2011_08_31,d2011_09_30,d2011_10_31,d2011_11_30,d2011_12_31,d2012_01_31,d2012_02_29,d2012_03_31,d2012_04_30,d2012_05_31,d2012_06_30,d2012_07_31,d2012_08_31,d2012_09_30,d2012_10_31,d2012_11_30,d2012_12_31,d2013_01_31,d2013_02_28,d2013_03_31,d2013_04_30,d2013_05_31,d2013_06_30,d2013_07_31,d2013_08_31,d2013_09_30,d2013_10_31,d2013_11_30,d2013_12_31
1,2775.0,9075.0,16675.33,21175.33,26675.33,30675.33,36675.33,44473.86,53974.86,61424.62,61424.62,61424.62,72374.36,72374.36,72374.36,72374.36,72374.36,72374.36,72374.36,72374.36,72374.36,85000.0,90000.0,90000.0,250000.0,250000.0,250000.01,200000.0,297000.0,424242.42424242,384587.42424242,104895.01,105000.0,105000.0,455501.30057744,105555.0,105555.0,148990.0,218990.0,308990.0,433805.2425047,470825.03449995,466835.01317523,157337.91540578,105611.0,105611.0,111111.0,111111.0,111111.11257533,111111.11257544,111111.11257544,111111.11257544,111111.12447432,111111.12458933,111111.12558933,111111.12758933,111111.12759844,144336.40607352,144341.51869192,144341.52165741
2,1000.0,1000.0,5350.0,8000.0,8000.0,8000.0,8000.0,8000.0,8000.0,13500.0,22500.0,22500.0,22500.0,34700.0,45935.9,45935.9,45935.9,45935.9,50000.0,49940.0,70000.0,80000.0,80000.0,72374.36,152083.77,150000.0,79956.0,145140.0,145140.0,134897.01,124895.01,79956.001,104895.01,104895.01,105258.88,105258.88,105258.88,105555.0,105555.0,105555.0,105555.0,105555.031337,105555.031337,150000.0,79957.031337,79957.0411,79957.0411,79957.0411,79957.0421,79957.0421,80793.19497055,92764.286339,92764.286339,92764.287339,79957.04461601,79957.04461601,79957.04461601,111114.60065824,111114.60391254,111114.60814044
3,500.0,800.0,1000.0,2250.0,2250.0,2250.0,2250.0,2250.0,3850.01,8000.0,8000.0,15954.35,20704.35,32336.33,39700.0,41700.0,42700.0,44750.0,45935.9,45935.9,45935.9,72374.36,72374.36,57900.65,72374.36,72374.36,72374.36,79956.0,79956.0,79956.001,79956.001,59010.39628323,100000.0,100000.0,80000.10742356,79956.001,80890.0,105258.88,105258.88,95258.88,79956.001,79956.032337,79957.031337,105558.15740403,53000.031337,53000.0411,55000.0,59300.0,53000.0421,53880.0421,79957.0421,79957.042101,79957.042101,79957.04211601,75779.8,69471.08643162,70092.54333391,80696.68734475,99993.0002,85993.0
4,500.0,750.0,800.0,1000.0,1000.0,1000.0,1000.0,1000.0,2250.0,2900.01,2900.01,10000.2,10000.2,26138.45,36888.45,36888.45,39328.0,41045.0,44750.0,44750.0,44750.0,44750.0,50000.0,50000.0,57900.65,50000.0,50000.0,72374.36,77624.36,55000.01,55000.01,55000.01,79956.001,80000.10742356,79956.001,55000.01,79956.001,79956.001,79956.001,79956.001,77258.88,59258.911337,60000.031337,79957.031337,50130.031337,50130.0411,54827.92769802,53390.55588667,52319.15410977,53329.15410977,53880.0421,69471.08443161,69471.08443161,75779.8,73306.871,63306.893,69471.08643162,79957.04461604,96000.95423094,80000.09603642
5,400.0,550.0,550.0,800.0,800.0,800.0,800.0,800.0,1000.0,2250.0,2250.0,8000.0,8000.0,22500.0,33286.33,33336.33,36888.45,40005.0,36788.45,36788.45,36788.45,35535.0,44000.0,40000.0,50000.0,46918.92,50000.0,50000.0,51068.66,52863.60524842,52863.60524842,52863.60524842,63057.12246773,79956.001,55000.01,52863.60524842,55000.01,55000.01,55000.01,50129.6698,50129.6698,53000.0,53000.031337,53000.031337,50000.031337,50000.0411,53000.0411,53000.0411,50130.0421,53000.0421,53000.0421,61695.33888656,64870.91184081,69471.08443161,69471.08643161,62994.39811714,61999.933,69471.08643164,79957.04581604,79957.04672794
6,250.0,500.0,500.0,550.0,698.5,698.5,698.5,698.5,800.0,1000.0,1000.0,5500.0,7950.0,20654.35,20654.35,23173.0,33336.33,39000.0,36245.0,36235.0,36235.0,35000.0,40000.0,33035.0,40000.0,45592.95,49511.44,50000.0,50000.0,51132.271,51349.47098592,50000.0,55000.01,55000.01,52863.60524842,50000.0,52863.60524842,52863.60524842,50129.6698,50000.0,50000.0,50129.6698,50259.031337,50130.031337,50000.031337,50000.0411,50130.0411,50130.0411,50000.0411,50000.0411,50000.04110001,57005.82,63278.8,65305.812,68906.54579592,59911.51436845,59911.51436845,63999.93200002,69500.0,69471.08904354
7,150.0,500.0,500.0,500.0,550.0,550.0,550.0,550.0,698.5,800.0,800.0,2250.0,5900.0,16367.8,16667.79,20655.36,28150.0,36888.45,35000.0,35000.0,35000.0,33591.33,33035.0,32000.0,33035.0,40000.0,35591.42,49511.44,50000.0,50000.0,50000.0,50000.0,52863.60524842,52863.60524842,50000.0,50000.0,50000.0,50229.6698,50000.0,50000.0,50000.0,50000.0,50130.031337,50000.031337,47458.031337,47458.0411,50000.0411,50000.0411,50000.0411,50000.0411,50000.0411,53880.0421,53880.0421,53880.0421,61545.97521462,53880.0431,53880.0431,62000.0,69471.08843164,53880.04468192
8,150.0,400.0,400.0,500.0,500.0,500.0,500.0,500.0,550.0,698.5,698.5,1050.01,2250.0,10000.2,15000.0,19499.0,25000.0,33336.33,33591.33,33591.33,33591.33,33200.0,32000.0,31424.07,31424.07,40000.0,33035.0,35591.42,49511.44,49157.97,49157.97,50000.0,50000.01,50000.01,50000.0,48957.97,50000.0,50000.0,50000.0,45000.0,47457.46,50000.0,50000.031337,50000.031337,44512.031337,45640.0,50000.0411,50000.0411,47458.0411,47458.0411,47458.0411,53000.04210001,53000.04210001,53000.04210001,53880.0431,53000.04310002,53300.0,59670.12686312,53880.04400002,53000.04461194
9,150.0,350.04,350.04,400.0,500.0,500.0,500.0,500.0,500.0,550.0,550.0,1000.0,1050.01,8000.0,10000.2,18650.0,20962.28,31500.0,31000.0,31000.0,31000.0,31338.45,31424.07,31338.45,31338.45,33035.0,32714.84,35547.83,49157.97,42328.65,49047.74645612,50000.0,50000.0,50000.0,48957.97,42748.94,49729.6698,50000.0,44511.441,44511.441,45000.0,47457.46,50000.031337,47458.031337,40258.8795,44512.0411,47458.0411,47458.0411,44512.0411,44864.20534842,45587.09776949,50000.0411001,50000.0411001,50000.0411001,53000.04310001,51500.0,53000.04310002,54382.84862936,53000.04400004,50000.04291203
10,100.0,250.0,250.0,350.04,400.0,400.0,400.0,400.0,500.0,500.0,500.0,895.65,1000.0,6062.74,8200.0,16667.79,20673.0,28150.0,29000.0,29000.0,29000.0,31000.0,31338.45,31000.0,31000.0,31949.48,31424.07,33035.0,33374.8,40954.56541907,39655.0,50000.0,50000.0,50000.0,40000.0,40000.0,45748.94,44000.0,43000.0,40000.0,44511.441,45000.0,47458.031337,44512.031337,40000.031337,40000.0411,44512.0411,44512.0411,40000.31337,40000.31337,44864.20534842,49988.7,46595.27500386,49621.20825065,50000.0421001,50000.04210011,50000.04210011,53880.04310002,52500.0,44864.20635335
11,100.0,200.0,200.0,250.0,350.04,350.04,350.04,350.04,400.0,500.0,500.0,850.0,1000.0,5900.0,8000.0,15000.0,19499.0,19499.0,28150.0,28150.0,28150.0,30000.0,31000.0,30000.0,30000.0,31424.07,31338.45,32714.84,33035.0,38000.0,38000.0,50000.0,50000.0,50000.0,40000.0,40000.0,40000.0,40000.0,40000.0,40000.0,40000.0,44913.50856333,44914.031337,40258.8795,40000.031337,40000.0411,43001.9,40000.0411,40000.0411,40000.04115,43453.82823341,44864.20534942,44864.20534942,49272.15223593,47284.65537205,49111.6765,48889.96311286,53000.04310004,50000.04240013,41700.0
12,61.0,198.0,198.0,200.0,250.0,250.0,250.0,350.01,350.04,400.0,400.0,800.0,895.65,5350.0,6900.0,10672.08,16667.79,17084.0,24149.55,24149.55,25052.58,29990.0,30000.0,30000.0,29072.43,31338.45,31000.0,31424.07,31000.0,37251.25,37251.25,50000.0,50000.0,50000.0,40000.0,40000.0,40000.0,40000.0,40000.0,40000.0,40000.0,44511.441,44512.031337,40000.031337,40000.031337,40000.0411,40000.0411,40000.0411,40000.0411,40000.0411,40000.31337,40000.313371,41005.9,44864.20534942,44864.20534942,45754.003,48464.003,50000.04210013,44864.20554945,40969.57036392
13,50.0,150.0,150.0,198.0,200.0,200.0,225.0,250.0,250.0,350.04,350.04,698.5,800.0,5100.0,6062.74,10000.0,15000.0,17000.0,20001.0,20800.0,24990.0,28150.0,28150.0,29990.0,28150.0,31000.0,28150.0,31000.0,30367.97,31000.0,35699.0,50000.0,50000.0,50000.0,38695.7470805,38057.08507373,40000.0,40000.0,40000.0,38057.08507373,40000.0,40000.0,40000.031337,40000.031337,40000.0,40000.0,40000.0411,40000.0411,40000.0411,40000.0411,40000.04115,40000.041151,40000.313371,40000.313371,41500.88829933,44864.20534943,44864.20534943,47361.37374491,40969.56940002,40000.31473802
14,50.0,150.0,150.0,150.0,198.0,198.0,200.0,225.0,225.0,250.0,250.0,550.0,698.5,3350.0,5900.0,10000.0,10672.08,16667.79,20000.0,20001.0,20780.0,25549.58,25549.58,28150.0,25549.58,28405.0,26457.31,28150.0,29901.47,28150.0,31000.0,50000.0,50000.0,50000.0,38057.08507373,38000.0,38057.08507373,38057.08507373,38057.08507373,38000.0,38057.08507373,40000.0,40000.031337,40000.031337,38058.031337,39419.82355666,40000.0411,40000.0,38058.0411,38000.0411,40000.0411,40000.041101,40000.041151,40000.041151,40504.003,41666.5509728,40000.313371,45029.56820002,40000.31357102,40000.04351803
15,50.0,150.0,150.0,150.0,150.0,150.0,198.0,200.0,200.0,225.0,225.0,500.0,550.0,3233.17,5500.0,10000.0,10500.0,15000.0,19400.0,20000.0,20001.0,25052.58,25052.58,26100.0,25057.26,28150.0,25549.58,25549.58,28150.0,24738.91,28150.0,50000.0,50000.0,50000.0,38000.0,34995.39,38000.0,38000.0,38000.0,35000.0,38000.0,40000.0,40000.031337,38058.031337,38000.031337,38058.0411,40000.0,38058.0411,38000.0411,37467.09483673,40000.0411,40000.04110011,40000.041101,40000.041101,40000.313371,40000.313371,40000.04215101,44864.20534945,40000.04235103,40000.04246803
16,50.0,150.0,150.0,150.0,150.0,150.0,150.0,198.0,198.0,200.0,200.0,500.0,500.0,2361.55,5100.0,8195.06,10200.0,13750.0,17200.0,19400.0,20000.0,25000.0,25000.0,25549.58,25052.58,26457.31,25052.58,25052.58,26354.16,24638.45,24738.91,50000.0,50000.0,50000.0,34995.39,31000.0,34995.39,34995.39,34995.39,34995.39,33000.0,38057.08507373,40000.031337,38000.031337,35000.0,38000.0411,40000.0,38000.0411,37349.67280232,35254.5039873,38000.0411,40000.0411001,40000.0411001,40000.0411001,40000.042151,40000.04215101,40000.04110101,43632.34600002,40000.04130103,40000.04207013
17,50.0,119.01,119.01,150.0,150.0,150.0,150.0,150.0,150.0,198.0,198.0,400.0,500.0,2350.0,4850.0,8000.0,10000.0,11551.0,17000.0,17200.0,19400.0,20000.0,24990.0,25052.58,23249.0,25549.58,23377.83,24638.45,25549.58,23249.0,24638.45,50000.0,50000.0,50000.0,31000.0,29999.99,31000.0,31000.0,31000.0,31000.0,32832.45148918,38000.0,38058.031337,35000.0,35000.0,35254.5039873,38058.0411,35254.5039873,35254.5039873,32445.0,37467.09483673,38918.26786421,37457.14483683,36751.3097631,40000.041101,40000.04110101,40000.04110011,40000.31337102,40000.04130013,39530.33599037
18,50.0,100.0,100.0,119.01,150.0,150.0,150.0,150.0,150.0,150.0,150.0,399.0,400.0,2250.0,4000.0,7650.0,10000.0,10850.0,16667.79,16667.79,17200.0,20000.0,23200.0,25000.0,20000.0,25052.58,23249.0,23249.0,24638.45,22595.72246038,23249.0,50000.0,50000.0,50000.0,29999.99,29854.77,29999.99,29999.99,29999.99,30000.0,31000.0,31000.0,38000.031337,31000.031337,31000.031337,35000.0,38000.0411,31480.14804788,31000.0411,31000.0411,35251.4939873,37467.09483683,35274.67189637,36473.08332346,40000.0411001,40000.04110011,38980.71638161,40000.04215103,39042.35301117,39016.97
19,50.0,100.0,100.0,100.0,150.0,150.0,150.0,150.0,150.0,150.0,150.0,350.04,399.0,2200.0,3750.0,6900.0,9260.0,10672.08,13884.0,13884.0,17000.0,19400.0,20710.58,23200.0,19650.01,23249.0,22051.93,22852.85,23249.0,22000.0,22000.0,49157.97,50000.0,50000.0,29854.77,28150.0,29854.77,28150.0,28150.0,29999.99,29999.99,29999.99,31000.031337,30000.031337,30000.031337,33000.0,35254.5039873,31000.0411,30000.0411,30000.0411,31890.0,35323.8093592,35002.0411001,36354.002,37200.0,36750.00976311,37359.25353761,40000.04110103,36997.01108401,36997.01202401
20,50.0,61.0,61.0,100.0,119.01,125.0,150.0,150.0,150.0,150.0,150.0,250.0,350.04,1313.38,3350.0,6650.0,9101.0,10599.8,12750.0,13350.0,16750.87,17400.0,20000.0,20000.0,19400.0,20150.5,20000.0,19400.0,20001.0,19988.65234568,19988.65234568,38000.0,48957.97,48957.97,28150.0,24738.91,28150.0,26970.79067699,26970.79067699,28150.0,28150.0,28150.0,30000.031337,28150.031337,28150.031337,31000.0411,35000.0,30784.26899989,28878.40828559,30000.0,31000.0411,35002.0411001,34004.0,35173.19282964,36852.51419027,36409.35932346,36750.00976311,40000.04110013,35949.9994001,36000.0
21,50.0,52.01,52.01,82.51,100.0,119.01,119.01,150.0,150.0,150.0,150.0,250.0,350.0,1050.01,3233.17,6062.74,8245.06,10000.0,10672.08,12750.0,16667.79,17200.0,19857.14,20000.0,17950.4,20000.0,19400.0,16946.96,20000.0,19400.0,19400.0,37957.08507373,38057.08507373,38057.08507373,24738.91,23249.0,26970.79067699,24738.91,25519.48470361,26970.79067699,26970.79067699,26970.79067699,28150.031337,26971.031337,27968.4133873,30733.1077,33000.0,30000.0411,28405.0,28150.0411,30400.6,33954.0,31000.0411,35002.0411001,36750.0097631,35002.04110011,35002.04110011,39442.01985178,34409.35852348,35909.998485
22,50.0,50.0,50.0,61.0,100.0,100.0,100.0,119.01,119.01,150.0,150.0,225.0,251.0,1000.0,2953.38,5900.0,8000.0,10000.0,10599.8,12100.0,16500.0,16500.0,19400.0,19857.14,16767.79,19400.0,17164.91,15730.72,20000.0,18901.47,17965.36,34995.39,38000.0,38000.0,23249.0,21900.98,24738.91,23300.0,24738.91,24738.91,26166.89,26166.89,26971.031337,26167.031337,26971.031337,30000.0411,31480.14804788,30000.0,28150.0411,27457.5294368,30000.0411,31000.0411,30171.22667565,31000.0421,36409.35932346,34512.829,34512.829,35949.9992001,31000.04230004,34409.35919248
23,50.0,50.0,50.0,52.01,82.51,100.0,100.0,100.0,100.0,119.01,119.01,200.0,250.0,895.65,2950.0,5100.0,6984.99,9260.0,10000.0,10672.08,15800.0,16217.79,19350.0,19450.0,16394.24,17200.01,16517.79,15000.0,19400.0,18131.31,17757.57575758,31000.0,34995.39,34995.39,21900.98,20300.0,23249.0,23249.0,24621.84084356,23640.51958313,23861.17263848,23640.51958313,26167.031337,25982.5455293,26167.031337,28522.88278853,31000.0411,28599.9938,27457.5294368,27105.11824644,30000.0,30000.0411,30000.0411,30000.0411,35002.0411001,33143.352,34409.35832346,35002.04110013,30500.0,32691.76537834
24,50.0,50.0,50.0,50.0,61.0,99.99,100.0,100.0,100.0,100.0,100.0,200.0,250.0,800.0,2950.0,5100.0,6900.0,8245.06,10000.0,10599.8,13350.0,15500.0,18606.0,19400.0,15700.0,17164.91,15000.0,15000.0,18131.31,17757.57575758,16901.47,28150.0,31000.0,31000.0,21800.0,20000.0,21900.98,21900.98,23800.0,23249.0,23640.51958313,23249.0,23641.031337,25682.23705534,25093.43065143,28150.0411,30000.0411,28150.0411,26579.68746291,26276.25177459,29057.5294368,30000.0,30000.0,30000.0,32069.18075295,33050.0,33632.346,34409.35832348,30000.04140003,32162.15521092
25,50.0,50.0,50.0,50.0,52.01,82.51,99.99,100.0,100.0,100.0,100.0,198.0,225.0,700.0,2500.0,5055.67,6752.0,8211.55,9260.0,10400.87,12750.0,15000.0,16500.0,19072.43,15000.0,16517.79,14800.0,14000.0,15000.0,13481.95,14725.31368496,24738.91,28150.0,28150.0,20000.0,19976.62234568,20800.0,19400.0,23249.0,22800.0,23249.0,22300.0,23249.031337,24470.946702,23641.031337,26167.0411,28150.0411,26167.0411,26222.88278853,26167.0411,28150.0411,28150.0411,28150.0411,28150.0411,31000.0421,33009.32600331,33050.0,31608.00000002,30000.00220002,31569.80860581
26,50.0,50.0,50.0,50.0,51.0,76.0,82.51,99.99,99.99,100.0,100.0,188.0,200.0,698.5,2361.55,4950.0,6262.08,8150.0,9200.02,10000.0,12100.0,15000.0,16217.79,18800.0,14600.0,15700.0,12950.0,13504.09,13650.0,12950.0,14090.11807999,24638.45,24738.91,24738.91,19988.65234568,19400.0,20000.0,17965.36,21900.98,21900.98,22800.0,22013.0,22013.031337,23641.031337,23249.031337,25950.07591257,26167.0411,26005.5294368,26167.0411,26000.6,26287.43,26167.0411,27600.04110011,27600.04110011,30485.0,32125.05396264,31000.04210001,31000.04210004,29657.49719637,31501.05444537
27,50.0,50.0,50.0,50.0,50.1,61.0,76.0,82.51,82.51,99.99,99.99,150.0,200.0,652.57,2250.0,4872.99,6125.0,8000.0,8900.0,10000.0,11000.0,15000.0,15700.0,16500.0,14250.0,15000.0,12750.0,12950.0,13000.0,12800.0,12950.0,23249.0,24638.45,23249.0,19400.0,17965.36,19976.62234568,17000.0,19400.0,20000.0,22513.0,21900.98,21901.031337,23513.184,23000.031337,23641.0411,26098.22797431,24404.5046,25000.0,25392.94142259,26167.0411,24404.5046,26167.0411,26167.0411,30000.0411,31000.04210001,30000.04110001,30000.04110003,29262.92892147,31341.80047
28,50.0,50.0,50.0,50.0,50.03,52.01,61.0,76.0,76.0,82.51,82.51,150.0,198.0,600.0,2200.0,4250.0,6062.74,6752.0,8245.06,9700.0,10900.0,13800.0,15000.0,16217.79,13500.0,14007.61,12701.0,12800.0,12950.0,12167.79,12850.0,22000.0,23249.0,21900.0,17965.36,17484.18486148,19400.0,16090.27367176,17965.36,19400.0,22280.0,20000.0,21300.031337,23249.031337,22013.031337,23249.0411,24404.5046,24232.10151781,24404.5046,25000.0,25146.40017258,23249.0411,24404.5046,24404.5046,30000.001,30000.04110001,30000.002,30000.00200002,28211.89361281,31014.92698903
29,50.0,50.0,50.0,50.0,50.0,50.1,52.01,61.0,61.0,76.0,76.0,150.0,188.0,550.03,2000.0,3700.0,6000.0,6673.0,8000.0,9260.0,10800.0,13800.0,15000.0,15700.0,13000.0,13444.48,12500.0,12750.0,12800.0,11350.0,12800.0,19988.65234568,21900.0,20000.0,17942.15502252,17000.1,17965.36,15980.62789671,13050.0,17462.8285962,21900.98,19400.0,19400.031337,23000.0,21901.031337,22013.0411,24232.10151781,23249.0411,24232.10151781,24404.5046,24404.5046,23193.5279368,23249.0411,23249.0411,29173.54174304,30000.002,28150.0411,29657.4927247,28150.04130002,31000.04286904
30,50.0,50.0,50.0,50.0,50.0,50.03,50.14,52.01,52.01,61.0,61.0,150.0,150.0,550.0,1800.0,3581.28,5900.0,6062.74,6625.0,9200.02,10672.08,13500.0,15000.0,15057.26,12750.0,13000.0,12350.02,12701.0,12500.0,11300.0,12167.79,19870.77,20000.0,19988.65234568,17484.18486148,15188.45,17484.18486148,14442.15502252,12950.0,17012.0,19400.0,19349.72952245,19350.031337,22013.031337,20300.031337,21901.0411,23641.0411,22013.0411,23500.0,23249.0411,23249.0411,22661.34485399,21932.03384377,21932.03384377,28150.0411,28150.0411,26167.04210001,28150.04110002,27904.87967257,30901.79773467
31,50.0,50.0,50.0,50.0,50.0,50.0,50.1,50.14,50.14,52.01,52.01,150.0,150.0,500.0,1800.0,3233.17,5654.35,6000.0,6600.0,8999.0,10599.8,13000.0,15000.0,15000.0,12510.02,12950.0,12311.11,12500.0,12200.0,11111.11,11300.0,19400.0,19988.65234568,19854.77,17000.1,15000.0,15188.45,13050.0,12800.0,15538.43,19349.72952245,17000.0,17000.031337,21901.031337,20000.0,20000.0,23249.0411,21901.0411,23500.0,22013.0411,22013.0411,21015.8477,21497.21523766,21015.8477,27755.9775773,26167.04210001,24404.5056,27904.87947257,27107.76534173,30556.3899327
32,50.0,50.0,50.0,50.0,50.0,50.0,50.03,50.1,50.12,50.14,50.14,119.01,150.0,500.0,1750.0,3150.0,5366.5,5900.0,6530.0,8900.0,10000.0,12827.82,13800.0,15000.0,12500.0,12701.0,12200.0,12350.02,12167.79,11041.357,10689.03444187,17965.36,19854.77,19400.0,15188.45,15000.0,15000.0,12950.0,12000.0,13050.0,19000.0,15538.43,16002.5,20300.031337,19400.031337,20000.0,22013.0411,20000.993924,23249.0411,22000.0,21015.8477,20732.10151781,21015.8477,21000.0,27600.04110011,24404.5056,24139.1725,26167.04210003,26691.78153697,30539.97642476
33,50.0,50.0,50.0,50.0,50.0,50.0,50.0,50.03,50.1,50.12,50.12,100.0,150.0,500.0,1550.0,3000.0,5100.0,5803.76,6303.54,8860.1,10000.0,12750.0,13500.0,15000.0,12350.02,12600.0,11300.0,12200.0,12050.02,10689.03494187,10650.0,14700.0,19400.0,17965.36,15000.0,14874.9998,15000.0,12800.0,11867.8,12950.0,16374.0,13820.0,15799.9349,20000.0,18005.3185,19800.0411,22005.4294368,20000.0,22013.0411,21015.8477,20732.10151781,20500.0,21000.0,20811.0,26319.072,21932.03384377,21932.03384377,26141.13259865,26556.98599487,30500.000569
34,50.0,50.0,50.0,50.0,50.0,50.0,50.0,50.0,50.03,50.12,50.12,100.0,150.0,400.0,1526.7,2953.38,5055.69,5589.06,6205.0,8333.33,10000.0,12000.0,13000.0,14600.0,12200.0,12500.0,10687.47,12167.79,11300.0,10650.0,10524.93143511,13100.11453974,17965.36,17700.0,15000.0,14442.15502252,14874.9998,12600.01234567,11540.5195962,12800.0,15538.43,13050.0,15538.43,19400.031337,16513.154,19798.045,21901.0411,19400.0411,22000.0,21000.0,20400.0,20400.0,20811.0,20732.10151781,26167.0421,21550.0,21000.001,24139.17250002,26460.45396813,30460.45246836
35,50.0,50.0,50.0,50.0,50.0,50.0,50.0,50.0,50.0,50.1,50.1,100.0,123.66,399.0,1050.01,2750.0,4429.57,5500.0,6100.0,8000.0,10000.0,10672.08,13000.0,13850.36,11300.0,12350.02,10672.08,11999.75,11211.11,10500.0,10500.0,12950.0,17200.0,17000.1,14874.9998,13050.0,14442.15502252,12000.0,11350.0,12000.0,15000.0,12950.0,15134.9541,17317.999,16120.0,19400.0411,20701.80945782,18800.009763,21901.0411,20732.10151781,20000.0,20000.0,20732.10151781,20589.5999,24404.5046,21000.001,20844.17000001,21932.03384379,26442.60452268,30457.84104912
36,50.0,50.0,50.0,50.0,50.0,50.0,50.0,50.0,50.0,50.03,50.03,99.99,119.01,350.04,1000.0,2650.03,4250.0,5100.0,6062.74,8000.0,10000.0,10500.05,12750.0,13800.0,11000.0,12311.11,10500.0,11300.0,10687.47,10396.86,10411.11,12850.0,17000.1,15188.45,13050.0,12981.01234567,14433.49293139,11867.8,11300.0,11867.8,13050.0,12800.0,15006.50000001,17000.031337,15799.9349,18005.4294368,20000.0,18463.92336214,21015.8477,20000.0,19940.0,19740.0,20589.5999,20000.0,23249.0411,20844.21110001,20811.0,21071.1746,26167.04230003,30000.04196903
37,50.0,50.0,50.0,50.0,50.0,50.0,50.0,50.0,50.0,50.0,50.0,82.51,100.0,251.0,1000.0,2500.0,4223.0,4999.0,6000.0,7944.06,9450.06,10000.0,12000.0,13500.0,10672.08,12200.0,10290.25,11211.11,10672.08,10050.0,10396.86,12800.0,15000.0,15000.0,12981.01234567,12950.0,13050.0,11350.0,11156.75,11350.0,12950.0,12100.0,14417.999,15799.9349,14437.0,17001.95,19400.0411,17591.3411138,19400.0411,19900.98,19414.3968074,19414.3968074,20000.0,19690.0,21932.03384377,20811.0,20589.5999,21000.00100002,24139.17270002,30000.00276902
38,50.0,50.0,50.0,50.0,50.0,50.0,50.0,50.0,50.0,50.0,50.0,61.0,100.0,250.0,1000.0,2327.0,4150.0,4500.0,5900.0,7427.0,9349.07,10000.0,11300.0,13000.0,10645.88,11300.0,10195.22,10687.47,10500.0,10000.00000001,10050.0,12246.98937268,13100.11453974,15000.0,12950.0,12800.0,12950.0,11300.0,10770.51520822,11300.0,12800.0,12034.0,13050.0,14286.87,14286.87,15799.9349,19300.009763,16205.0,18300.009763,19799.999,18965.82599031,18311.0,19690.0,19414.4128074,21000.001,20732.10151781,19690.0,20844.17000003,23932.03404379,29658.53192136
39,50.0,50.0,50.0,50.0,50.0,50.0,50.0,50.0,50.0,50.0,50.0,52.01,100.0,250.0,946.36,2250.0,4050.0,4350.0,5800.0,7000.0,9300.0,10000.0,11100.0,13000.0,10500.0,10687.47,10050.0,10672.08,10290.25,10000.0,10000.00000001,12167.79,13050.0,13100.11453974,12800.0,11867.8,12887.01234567,11156.75,10689.03444187,11100.01234567,12400.0,12002.5,12950.0,13050.0,13050.0,14866.0,18311.4,15799.9349,17999.99,19414.3968074,18586.23030373,18000.99,19414.4118074,19303.47335765,20811.0,20589.5999,19414.41322241,20811.00000002,23667.65734142,28150.04186902
40,50.0,50.0,50.0,50.0,50.0,50.0,50.0,50.0,50.0,50.0,50.0,50.22,99.99,250.0,895.65,2250.0,3806.0,4250.0,5383.5,6625.0,9260.0,10000.0,10672.08,12750.0,10239.45,10672.08,10000.0,10500.0,10195.22,10000.0,10000.0,11300.0,12950.0,13050.0,12246.98937268,11486.19819848,12800.0,10770.51520822,10500.01234567,10892.0,12206.985,12000.0,12800.0,12950.0,13001.95,14286.87,15799.9349,15501.34110407,17591.3411138,18139.27,18083.27,17960.10717601,17000.0,18669.598,20732.10151781,20000.04110012,18732.10151781,20480.00000001,23000.00120002,27904.88024157
41,50.0,50.0,50.0,50.0,50.0,50.0,50.0,50.0,50.0,50.0,50.0,50.14,82.51,225.0,800.0,2200.0,3700.0,4223.0,5166.66,6600.0,8999.0,10000.0,10500.05,12350.02,10050.0,10500.0,10000.0,10290.25,10050.0,10000.0,10000.0,11000.0,12800.0,12950.0,11867.8,11300.0,12000.0,10689.03444187,10500.0,10770.51520822,12100.01234567,11867.8,12600.0,12800.0,12950.0,13993.1381,15005.0,15000.0,17253.54,16700.009763,18000.99,17000.0,16927.27,17105.99129318,20589.5999,20000.0,18000.0,20000.0987,22811.00020002,26667.65781042
42,50.0,50.0,50.0,50.0,50.0,50.0,50.0,50.0,50.0,50.0,50.0,50.12,61.0,200.0,800.0,2006.15,3356.0,4160.94,5100.0,6530.0,8910.1,9900.0,10000.0,12200.0,10000.0,10195.22,10000.0,10195.22,10000.0,10000.0,10000.0,10901.47,12544.60640883,12800.0,11486.19819848,10770.51520822,11867.8,10591.2595,10411.11,10689.03444187,12088.20304958,11549.22307692,12500.0,12718.0,12801.0,13406.0,14600.27022936,14941.20023553,16433.40919973,15799.9349,17000.0,16090.27,15000.0,17009.05131474,20000.0,19982.0,17515.85361849,19414.41322244,21300.20030001,26167.04286903
43,50.0,50.0,50.0,50.0,50.0,50.0,50.0,50.0,50.0,50.0,50.0,50.12,52.01,200.0,700.0,2000.0,3233.17,4150.0,5100.0,6500.0,8884.0,9500.0,10000.0,11300.0,10000.0,10050.0,10000.0,10050.0,10000.0,10000.0,10000.0,10770.51520822,12246.98937268,12630.6809386,11300.0,10689.03444187,11486.19819848,10500.0,10009.25101,10556.75,12001.0,11491.00606186,12165.24568696,11867.8,12800.0,13369.771068,14286.87,14500.0,16000.0,15144.02021312,16700.009763,15799.9349,15000.0,17000.0,19690.0,19690.0,16927.271,18015.85361851,21071.49857402,24139.17326902
44,50.0,50.0,50.0,50.0,50.0,50.0,50.0,50.0,50.0,50.0,50.0,50.1,50.26,198.0,700.0,1858.2,3150.0,4100.0,5000.0,6288.7,8559.32,9444.0,10000.0,11250.04,10000.0,10000.0,10000.0,10000.0,10000.0,10000.0,10000.0,10689.03444187,12167.79,12246.98937268,10770.51520822,10500.0,11350.0,10411.11,10000.00000001,10500.0,11892.0,11350.0,12123.08,11800.0,11867.8,13125.37613899,13237.11638034,14286.87,15799.9349,15000.0,16006.91,15116.42249773,14999.99,16927.271,19414.4128074,19414.41280741,16403.0,17000.0,21000.00110001,23000.00166902
45,50.0,50.0,50.0,50.0,50.0,50.0,50.0,50.0,50.0,50.0,50.0,50.03,50.22,188.0,652.57,1832.0,2953.38,4000.0,5000.0,6200.0,8333.33,9349.07,10000.0,11000.0,10000.0,10000.0,10000.0,10000.0,10000.0,10000.0,10000.0,10500.0,12000.01234567,12024.98432104,10689.03444187,10411.11,11300.0,10062.108283,10000.0,10009.25101,11867.8,11300.0,11867.8,11630.08,11800.0,13050.0,13050.0,14237.41,15000.0,14999.99,15799.9349,15000.0,14700.009763,15270.21338073,17013.78520516,17015.85361849,15000.0,16927.27100002,20844.17020003,21744.000269
46,50.0,50.0,50.0,50.0,50.0,50.0,50.0,50.0,50.0,50.0,50.0,50.0,50.14,150.0,602.0,1800.0,2750.0,4000.0,5000.0,6062.74,8064.52,9300.0,10000.0,10672.08,10000.0,10000.0,10000.0,10000.0,10000.0,10000.0,10000.0,10411.11,11300.0,11867.8,10500.0,10264.645974,10770.51520822,10009.25101,10000.0,10000.00000001,11445.32486021,11000.0,11800.0,11350.0,11542.65,12950.0,12950.0,14000.0,14500.0,14500.0,15000.0,14999.99,14500.0,15100.0,17000.0,16927.271,14500.001,15312.90587074,19414.41352244,20844.17066903
47,50.0,50.0,50.0,50.0,50.0,50.0,50.0,50.0,50.0,50.0,50.0,50.0,50.12,150.0,550.03,1750.0,2650.03,3679.77,5000.0,6000.0,8000.0,9260.0,10000.0,10500.05,10000.0,10000.0,10000.0,10000.0,10000.0,10000.0,10000.0,10396.86,11000.0,11300.0,10411.11,10200.0,10689.03444187,10000.00000001,10000.0,10000.0,11350.0,10770.51520822,11549.22307692,11300.0,11350.0,12800.0,12800.0,14000.0,14286.87,14432.67653939,14999.99,14700.009763,14329.9,15000.0,16927.271,16920.0,14399.0,15000.00000002,18927.27120002,20710.63545778
48,50.0,50.0,50.0,50.0,50.0,50.0,50.0,50.0,50.0,50.0,50.0,50.0,50.12,150.0,550.0,1716.01,2500.0,3628.0,4900.07,6000.0,8000.0,9000.0,9444.0,10000.0,10000.0,10000.0,10000.0,10000.0,10000.0,10000.0,10000.0,10000.1,10770.51520822,11000.0,10009.25101,10009.25101,10500.0,10000.0,10000.0,10000.0,11300.0,10689.03444187,11350.0,11000.0,11300.0,12618.0,12469.99,13753.54,14237.41,14286.87,14900.98,14500.0,14286.87,14999.99,15000.0,15000.0,14286.87,14500.00100002,18878.13309231,19414.41389144
49,50.0,50.0,50.0,50.0,50.0,50.0,50.0,50.0,50.0,50.0,50.0,50.0,50.1,150.0,523.48,1700.0,2500.0,3620.0,4500.0,5900.0,7944.06,8999.0,9349.08,10000.0,10000.0,10000.0,10000.0,10000.0,10000.0,10000.0,10000.0,10000.01234567,10689.03444187,10770.51520822,10000.00000001,10000.00000001,10411.11,10000.0,10000.0,10000.0,10770.51520822,10500.0,11300.0,10770.51520822,11000.0,12576.0,12468.69913861,13500.0,14000.0,14237.41,14607.53640361,14329.9,14243.41,14700.009763,14700.009763,14546.02,14243.411,14286.87000002,18542.30205829,18024.11747953
50,50.0,50.0,50.0,50.0,50.0,50.0,50.0,50.0,50.0,50.0,50.0,50.0,50.03,150.0,500.0,1660.45,2500.0,3550.0,4250.0,5900.0,7630.0,8910.1,9260.0,10000.0,10000.0,10000.0,10000.0,10000.0,10000.0,10000.0,10000.0,10000.00000001,10500.0,10689.03444187,10000.0,10000.0,10200.0,10000.0,10000.0,10000.0,10689.03444187,10500.0,11106.5,10689.03444187,10770.51520822,12564.30457484,12316.42556559,13437.11638034,13437.11638034,14151.0,14500.0,14286.87,13999.98,14500.0,14500.0,14500.001,14241.001,14243.41100002,18024.11711053,17975.0025728
51,50.0,50.0,50.0,50.0,50.0,50.0,50.0,50.0,50.0,50.0,50.0,50.0,50.0,123.66,500.0,1526.7,2250.0,3305.0,4200.02,5851.46,6944.0,8697.92,9000.0,10000.0,10000.0,10000.0,10000.0,10000.0,10000.0,10000.0,10000.0,10000.0,10411.11,10500.0,10000.0,10000.0,10009.25101,10000.0,10000.0,10000.0,10604.84119795,10024.85124306,10770.51520822,10500.0,10730.5,12469.99,12237.41,13050.0,13340.0,14000.0,14432.15502252,14243.41,13506.98838358,14329.9,14438.02,14399.0,14000.0,14001.00000001,18000.0,17836.0001
52,50.0,50.0,50.0,50.0,50.0,50.0,50.0,50.0,50.0,50.0,50.0,50.0,50.0,119.01,500.0,1400.0,2250.0,3233.17,4160.94,5800.0,6900.0,8613.81,9000.0,10000.0,10000.0,10000.0,10000.0,10000.0,10000.0,10000.0,10000.0,10000.0,10396.86,10411.11,10000.0,10000.0,10000.00000001,10000.0,10000.0,10000.0,10500.0,10009.25101,10689.03444187,10210.2795031,10689.03444187,12237.41,11867.8,12950.0,13050.0,13437.11638034,14286.87,13999.98,13050.0,14286.87,14286.87,14286.87,13850.00000001,13850.00000002,17243.41120002,17000.000469
53,50.0,50.0,50.0,50.0,50.0,50.0,50.0,50.0,50.0,50.0,50.0,50.0,50.0,100.0,450.0,1350.0,2200.0,3005.0,4150.0,5100.0,6705.0,8449.0,8999.0,10000.0,10000.0,10000.0,9999.95,10000.0,10000.0,10000.0,10000.0,10000.0,10000.1,10000.10101,10000.0,10000.0,10000.0,10000.0,10000.0,10000.0,10009.25101,10000.00000001,10500.0,10009.25101,10678.00003552,11867.8,11853.0,12800.0,12950.0,13050.0,14237.41,13501.91620215,12950.0,14243.411,14243.411,14243.411,12950.0,13654.32537843,17000.0001,17000.000369
54,50.0,50.0,50.0,50.0,50.0,50.0,50.0,50.0,50.0,50.0,50.0,50.0,50.0,100.0,400.0,1060.78,2006.15,2953.38,4000.0,5100.0,6679.88,8333.33,8910.1,10000.0,10000.0,10000.0,9999.0,10000.0,10000.0,10000.0,10000.0,10000.0,10000.00000001,10000.00000001,10000.0,10000.0,10000.0,10000.0,10000.0,10000.0,10000.00000001,10000.0,10009.25101,10002.5,10500.0,11853.0,11800.0,12005.0,12800.0,12950.0,14000.0,13050.0,12569.513,13850.0,13850.0,14241.001,12889.02,13123.14159265,15658.69696375,16500.000269
55,50.0,50.0,50.0,50.0,50.0,50.0,50.0,50.0,50.0,50.0,50.0,50.0,50.0,100.0,399.0,1050.0,2000.0,2850.0,4000.0,5000.0,6625.0,8000.0,8697.92,10000.0,10000.0,10000.0,9899.0,10000.0,10000.0,10000.0,10000.0,10000.0,10000.0,10000.0,10000.0,10000.0,10000.0,10000.0,10000.0,10000.0,10000.0,10000.0,10000.00000001,10001.01010101,10210.2795031,11800.0,11495.1912,11867.8,12508.32209445,12900.39762403,14000.0,12950.0,12504.0,13504.05816805,13504.05816805,14000.0,12700.00976301,12950.00000001,15101.29044042,15064.0001
56,50.0,50.0,50.0,50.0,50.0,50.0,50.0,50.0,50.0,50.0,50.0,50.0,50.0,99.99,350.04,1010.0,2000.0,2850.0,4000.0,5000.0,6600.0,8000.0,8449.0,10000.0,9978.31,10000.0,9851.0,10000.0,10000.0,10000.0,10000.0,10000.0,10000.0,10000.0,10000.0,10000.0,10000.0,10000.0,10000.0,10000.0,10000.0,10000.0,10000.0,10000.00000001,10210.22806259,11577.0,11350.0,11853.0,12005.0,12800.0,13456.52425584,12565.946,12500.0,13499.98,13499.98,13850.00000001,12562.661,12889.02000001,15000.00010002,15000.000666
57,50.0,50.0,50.0,50.0,50.0,50.0,50.0,50.0,50.0,50.0,50.0,50.0,50.0,82.51,350.0,1000.0,1950.0,2800.0,4000.0,5000.0,6551.46,7941.06,8333.33,10000.0,9900.0,9999.0,9766.59,10000.0,10000.0,10000.0,10000.0,10000.0,10000.0,10000.0,10000.0,10000.0,10000.0,10000.0,10000.0,10000.0,10000.0,10000.0,10000.0,10000.0,10009.25101,11350.0,11102.9,11800.0,11999.11633476,12508.32209445,13437.11638034,12500.0,12500.0,12950.0,12950.0,13700.00976301,12533.14159265,12562.66100001,14500.00110002,15000.00046902
58,50.0,50.0,50.0,50.0,50.0,50.0,50.0,50.0,50.0,50.0,50.0,50.0,50.0,61.0,340.0,1000.0,1920.0,2750.0,3920.0,4250.0,6500.0,7530.0,8250.02,10000.0,9800.0,9900.0,9444.0,9999.0,10000.0,10000.0,10000.0,10000.0,10000.0,10000.0,10000.0,10000.0,10000.0,10000.0,10000.0,10000.0,10000.0,10000.0,10000.0,10000.0,10001.01010101,11335.65,10770.51520822,11698.53895259,11867.8,12039.14901727,13050.0,12500.0,12270.91693957,12727.02,12645.6352394,12950.0,12500.001,12500.00100001,14286.87000002,14500.00146902
59,50.0,50.0,50.0,50.0,50.0,50.0,50.0,50.0,50.0,50.0,50.0,50.0,50.0,52.01,325.0,1000.0,1858.2,2650.03,3750.02,4200.0,6300.0,7500.0,8150.15,9444.0,9444.0,9444.0,9406.33,9899.0,10000.0,9952.71,10000.0,10000.0,10000.0,10000.0,10000.0,10000.0,10000.0,10000.0,10000.0,10000.0,10000.0,10000.0,10000.0,10000.0,10000.00000001,11207.4,10689.03444187,11633.01463578,11800.0,12009.05131474,13000.01,12039.14901727,12049.828,12573.433,12577.648,12574.081,12039.14901727,12039.14901728,14145.05173205,14286.87036902
60,50.0,50.0,50.0,50.0,50.0,50.0,50.0,50.0,50.0,50.0,50.0,50.0,50.0,50.44,303.42,1000.0,1832.0,2615.0,3555.0,4150.0,6062.74,7400.0,8000.0,9424.24905919,9406.33,9406.33,9348.72,9851.0,10000.0,9867.77,10000.0,10000.0,10000.0,10000.0,10000.0,10000.0,10000.0,10000.0,10000.0,10000.0,10000.0,10000.0,10000.0,10000.0,10000.0,10770.51520822,10635.98998259,11350.0,11698.53895259,12001.8,12950.0,12009.05131474,12039.14901727,12500.0,12533.14159265,12533.14159265,11767.73630423,11700.00976302,14001.00000001,14000.00036901
61,50.0,50.0,50.0,50.0,50.0,50.0,50.0,50.0,50.0,50.0,50.0,50.0,50.0,50.26,300.0,1000.0,1716.01,2500.0,3250.0,4015.94,6050.0,7350.01,8000.0,9260.0,9364.73,9364.73,9301.84,9444.0,10000.0,9851.0,10000.0,10000.0,10000.0,10000.0,10000.0,10000.0,10000.0,10000.0,10000.0,10000.0,10000.0,10000.0,10000.0,10000.0,10000.0,10689.03444187,10600.0,11102.9,11350.0,11800.0,12039.14901727,11817.73630423,12009.05131474,12500.0,12500.001,12500.001,11490.59820059,11654.00000001,13850.00000002,13850.00036902
62,50.0,50.0,50.0,50.0,50.0,50.0,50.0,50.0,50.0,50.0,50.0,50.0,50.0,50.22,251.0,950.0,1700.0,2500.0,3233.17,4000.0,6000.0,7000.07,7941.06,9000.0,9260.0,9260.0,9260.0,9260.0,10000.0,9780.0,10000.0,10000.0,10000.0,10000.0,10000.0,10000.0,10000.0,10000.0,10000.0,10000.0,10000.0,10000.0,10000.0,10000.0,10000.0,10636.68998259,10500.0,10770.51520822,11300.6,11350.0,12017.73630423,11791.0,11791.0,12360.0,12039.14901727,12039.14901727,10983.62454322,11408.55240001,13395.55363484,13600.000269
63,50.0,50.0,50.0,50.0,50.0,50.0,50.0,50.0,50.0,50.0,50.0,50.0,50.0,50.14,250.0,950.0,1650.0,2250.0,3200.0,4000.0,6000.0,6900.0,7530.0,9000.0,9000.0,9150.0,9000.0,9043.72,9851.0,9720.66193511,10000.0,10000.0,10000.0,10000.0,10000.0,10000.0,10000.0,10000.0,10000.0,10000.0,10000.0,10000.0,10000.0,10000.0,10000.0,10500.0,10424.7585,10689.03444187,11282.134808,11342.155808,12009.05131474,11400.0,11767.73630423,12039.14901727,11767.73630423,11767.73630423,10770.51520822,11382.9989,13123.14159265,13123.14169265
64,50.0,50.0,50.0,50.0,50.0,50.0,50.0,50.0,50.0,50.0,50.0,50.0,50.0,50.12,250.0,946.36,1526.7,2200.0,3005.0,4000.0,5900.0,6711.0,7500.0,9000.0,8999.0,9000.0,8999.0,9000.0,9478.77,9478.77,9952.71,10000.0,10000.0,10000.0,10000.0,10000.0,10000.0,10000.0,10000.0,10000.0,10000.0,10000.0,10000.0,10000.0,10000.0,10424.7585,10200.0,10600.0,11102.9,11102.9,11848.39013303,11296.81007314,11145.328808,11829.64175173,11440.0,11091.00000001,10689.03444187,10983.62454323,12950.00010001,12950.00020001
65,50.0,50.0,50.0,50.0,50.0,50.0,50.0,50.0,50.0,50.0,50.0,50.0,50.0,50.12,250.0,900.0,1500.0,2011.0,3005.0,4000.0,5850.0,6625.0,7450.31,8999.0,8910.1,9000.0,8910.1,8999.0,9444.0,9444.0,9867.77,10000.0,10000.0,10000.0,10000.0,10000.0,10000.0,10000.0,10000.0,10000.0,10000.0,10000.0,10000.0,10000.0,10000.0,10237.11638034,10082.46948933,10500.0,11000.0,11000.0,11800.0,11134.555808,10983.62454322,11767.73630423,10983.62454322,10983.62454322,10399.979,10770.51520823,12637.33065642,12589.94836201
66,50.0,50.0,50.0,50.0,50.0,50.0,50.0,50.0,50.0,50.0,50.0,50.0,50.0,50.1,225.0,895.65,1472.3,2006.15,2759.01,4000.0,5100.0,6600.0,7400.0,8910.1,8449.0,8999.0,8800.0,8910.1,9396.86,9260.0,9851.0,10000.0,10000.0,10000.0,10000.0,10000.0,10000.0,10000.0,9924.81999112,10000.0,10000.0,10000.0,10000.0,10000.0,10000.0,10210.2795031,10009.25101,10424.7585,10770.51520822,10995.87654322,11381.885808,10983.62454322,10770.51520822,11640.0,10770.51520822,10770.51520822,10011.30326329,10689.03444188,12558.74110001,12558.74120001
67,50.0,50.0,50.0,50.0,50.0,50.0,50.0,50.0,50.0,50.0,50.0,50.0,50.0,50.03,201.0,850.0,1350.0,2000.0,2750.0,3920.0,5100.0,6062.74,7372.0,8900.0,8436.91,8910.1,8532.22,8532.22,9333.45,9210.2807,9780.0,10000.0,10000.0,10000.0,10000.0,10000.0,10000.0,10000.0,9851.0,10000.0,10000.0,10000.0,10000.0,10000.0,10000.0,10009.25101,10001.01010101,10400.0,10756.4985,10770.51520822,11192.948,10770.51520822,10726.82,11145.328808,10689.03444187,10689.03444187,10009.25211001,10399.97900001,12500.00100001,12500.00110001
68,50.0,50.0,50.0,50.0,50.0,50.0,50.0,50.0,50.0,50.0,50.0,50.0,50.0,50.0,200.0,844.95,1350.0,2000.0,2700.0,3801.0,5099.24,6050.0,7250.0,8733.22,8415.04,8532.22,8453.91,8458.0,9260.0,9081.4360236,9478.77,10000.0,10000.0,10000.0,10000.0,10000.0,10000.0,9924.81999112,9751.0,10000.0,10000.0,10000.0,10000.0,10000.0,10000.0,10006.72248933,10000.00000001,10009.25101,10689.03444187,10689.03444187,11102.9,10689.03444187,10703.14159265,10983.62454322,10536.0,10499.9795,10002.8797,10144.00000001,12401.16340001,12401.16350001
69,50.0,50.0,50.0,50.0,50.0,50.0,50.0,50.0,50.0,50.0,50.0,50.0,50.0,50.0,200.0,801.0,1328.75,2000.0,2650.03,3750.02,5000.0,6000.0,7200.0,8449.0,8333.33,8449.0,8333.33,8357.55,9067.32,9000.0,9444.0,10000.0,10000.0,10000.0,10000.0,10000.0,10000.0,9851.0,9478.77,10000.0,10000.0,10000.0,10000.0,10000.0,10000.0,10001.01010101,10000.0,10001.01010101,10600.0,10620.06015429,11100.0,10011.30326329,10689.03444187,10770.51520822,10417.569,10056.38354725,10001.73360101,10032.47782609,12039.14901728,12100.20150001
70,50.0,50.0,50.0,50.0,50.0,50.0,50.0,50.0,50.0,50.0,50.0,50.0,50.0,50.0,200.0,800.0,1250.0,1900.0,2550.01,3555.0,5000.0,5900.0,7112.71,8333.33,8297.78,8333.33,8180.0,8333.33,9026.83,8999.59,9260.0,10000.0,10000.0,10000.0,9989.8663,9851.0,10000.0,9478.77,9444.0,10000.0,10000.0,10000.0,10000.0,10000.0,10000.0,10000.00000001,10000.0,10000.00000001,10424.7585,10615.414,10995.87504322,10009.25101,10237.32453725,10703.14159265,10011.30326329,10011.30326329,10000.001,10011.3032633,11382.999,12039.14911728
71,50.0,50.0,50.0,50.0,50.0,50.0,50.0,50.0,50.0,50.0,50.0,50.0,50.0,50.0,200.0,797.58,1250.0,1858.2,2509.66,3500.0,5000.0,5850.0,7100.0,8000.0,8050.1,8180.0,8000.0,8229.02,9000.0,8999.0,9210.2807,10000.0,10000.0,10000.0,9851.0,9780.0,10000.0,9444.0,9260.0,10000.0,10000.0,10000.0,10000.0,10000.0,10000.0,10000.0,10000.0,10000.0,10009.25101,10145.35362658,10865.03388285,10002.0,10011.30326329,10689.03444187,10009.25201,10009.25211001,10000.00000001,10009.25211002,11000.40000001,12000.01
72,50.0,50.0,50.0,50.0,50.0,50.0,50.0,50.0,50.0,50.0,50.0,50.0,50.0,50.0,200.0,750.0,1250.0,1850.0,2500.0,3500.0,5000.0,5551.12,7001.42,8000.0,8000.0,8000.0,8000.0,8102.25,8999.0,8885.1,9081.4360236,10000.0,10000.0,10000.0,9780.0,9478.77,10000.0,9260.0,9210.2807,10000.0,10000.0,10000.0,10000.0,10000.0,10000.0,10000.0,10000.0,10000.0,10001.01010101,10117.63136185,10770.51520822,10001.73260101,10009.25101,10417.569,10001.73360101,10001.73360101,10000.0,10001.73360102,11000.10020001,11382.999369
73,50.0,50.0,50.0,50.0,50.0,50.0,50.0,50.0,50.0,50.0,50.0,50.0,50.0,50.0,200.0,750.0,1200.0,1838.0,2500.0,3233.17,4999.0,5300.0,6999.0,7941.06,8000.0,8000.0,8000.0,8000.0,8910.1,8464.298,9000.0,10000.0,10000.0,10000.0,9478.77,9444.0,9851.0,9210.2807,9081.4360236,10000.0,10000.0,10000.0,10000.0,10000.0,10000.0,10000.0,10000.0,10000.0,10000.00000001,10009.25101,10689.03444187,10000.00000001,10001.73260101,10011.30326329,10000.00478862,10000.001,10000.0,10000.00000002,10770.51520823,11000.40046901
74,50.0,50.0,50.0,50.0,50.0,50.0,50.0,50.0,50.0,50.0,50.0,50.0,50.0,50.0,200.0,750.0,1150.0,1832.0,2500.0,3200.0,4801.0,5100.0,6900.0,7542.05,7941.06,8000.0,7941.06,8000.0,8899.0,8251.913,9000.0,10000.0,10000.0,10000.0,9444.0,9418.9,9478.77,9081.4360236,9020.38548968,9924.81999112,10000.0,10000.0,10000.0,9924.81999112,10000.0,10000.0,10000.0,10000.0,10000.0,10001.01010101,10398.36612775,10000.0,10000.09997866,10009.25101,10000.00000001,10000.00000001,10000.0,10000.00000001,10700.00000002,11000.10056901
75,50.0,50.0,50.0,50.0,50.0,50.0,50.0,50.0,50.0,50.0,50.0,50.0,50.0,50.0,198.0,750.0,1060.78,1800.0,2500.0,3005.0,4400.0,5000.0,6711.0,7530.0,7650.69,7941.06,7800.0,8000.0,8660.72,8150.0,8999.59,10000.0,10000.0,10000.0,9418.92309763,9260.0,9444.0,8999.59,8999.59,9851.0,10000.0,10000.0,9962.236297,9869.54,10000.0,10000.0,10000.0,10000.0,10000.0,10000.00000001,10009.25101,10000.0,10000.00000001,10001.73260101,10000.0,10000.0,10000.0,10000.00000001,10689.03444188,10965.000269
76,50.0,50.0,50.0,50.0,50.0,50.0,50.0,50.0,50.0,50.0,50.0,50.0,50.0,50.0,188.0,750.0,1050.0,1500.0,2500.0,3005.0,4250.0,5000.0,6625.0,7500.0,7542.05,7800.0,7607.46,7941.06,8507.61,8000.0,8999.0,10000.0,9952.71,9952.71,9388.5485,9210.2807,9418.9,8999.0,8999.0,9751.0,10000.0,9926.8,9926.8,9851.0,10000.0,10000.0,10000.0,10000.0,10000.0,10000.0,10001.73260101,10000.0,10000.0,10000.09997866,10000.0,10000.0,10000.0,10000.00000001,10009.25211002,10770.51557723
77,50.0,50.0,50.0,50.0,50.0,50.0,50.0,50.0,50.0,50.0,50.0,50.0,50.0,50.0,150.0,726.29,1010.0,1500.0,2450.0,3000.0,4170.0,5000.0,6600.0,7372.0,7530.0,7542.05,7530.0,7800.0,8500.0,7941.06,8000.0,10000.0,9851.0,9851.0,9260.0,9081.4360236,9260.0,8850.6,8796.84981874,9478.77,10000.0,9924.81999112,9924.81999112,9836.8,10000.0,10000.0,10000.0,10000.0,10000.0,10000.0,10000.00000001,10000.0,10000.0,10000.00000001,10000.0,10000.0,10000.0,10000.00000001,10001.73360102,10689.03481088
78,50.0,50.0,50.0,50.0,50.0,50.0,50.0,50.0,50.0,50.0,50.0,50.0,50.0,50.0,150.0,700.0,1000.0,1500.0,2400.0,2900.0,4150.0,5000.0,6062.74,7250.0,7500.0,7530.0,7500.0,7589.67,8458.0,7799.0,7994.44337099,10000.0,9780.0,9780.0,9210.2807,9000.0,9210.2807,8796.84981874,8418.9,9444.0,10000.0,9869.54,9869.54,9478.77,9924.81999112,10000.0,10000.0,10000.0,10000.0,10000.0,10000.0,10000.0,10000.0,10000.0,10000.0,10000.0,10000.0,10000.00000001,10000.00030001,10132.91928005
79,50.0,50.0,50.0,50.0,50.0,50.0,50.0,50.0,50.0,50.0,50.0,50.0,50.0,50.0,150.0,700.0,1000.0,1472.3,2400.0,2760.27,4100.05,4999.0,6050.0,7200.0,7500.0,7500.0,7500.0,7536.42,8333.33,7712.12,7941.06,10000.0,9478.77,9478.77,9081.4360236,8999.59,9081.4360236,8739.3519542,8111.0,9260.0,9962.22307692,9851.0,9851.0,9424.0,9869.54,10000.0,10000.0,10000.0,10000.0,10000.0,10000.0,10000.0,10000.0,10000.0,10000.0,10000.0,10000.0,10000.00000001,10000.00020001,10009.25247902
80,50.0,50.0,50.0,50.0,50.0,50.0,50.0,50.0,50.0,50.0,50.0,50.0,50.0,50.0,150.0,652.57,1000.0,1450.0,2320.41,2750.0,4000.0,4850.0,6000.0,7001.42,7372.0,7500.0,7372.0,7530.0,8022.36,7500.0,7900.65,10000.0,9444.0,9444.0,9000.0,8999.0,8999.59,8669.16,8000.0,9210.2807,9926.8,9815.5,9751.0,9260.0,9851.0,10000.0,10000.0,10000.0,10000.0,10000.0,10000.0,10000.0,10000.0,10000.0,10000.0,10000.0,10000.0,10000.00000001,10000.00020001,10001.73397002
81,50.0,50.0,50.0,50.0,50.0,50.0,50.0,50.0,50.0,50.0,50.0,50.0,50.0,50.0,150.0,650.0,1000.0,1418.37,2305.67,2700.0,4000.0,4615.0,5900.0,6999.0,7250.0,7372.0,7250.0,7500.0,8000.0,7500.0,7799.0,9952.71,9260.0,9260.0,8999.59,8796.84981874,8999.0,8418.9,8000.0,9081.4360236,9924.81999112,9751.0,9705.25,9210.2807,9836.8,10000.0,10000.0,10000.0,10000.0,10000.0,10000.0,10000.0,10000.0,10000.0,10000.0,10000.0,10000.0,10000.00000001,10000.00020001,10000.00083801
82,50.0,50.0,50.0,50.0,50.0,50.0,50.0,50.0,50.0,50.0,50.0,50.0,50.0,50.0,150.0,615.01,950.0,1350.0,2250.0,2650.03,4000.0,4454.74,5600.95,6900.0,7029.5,7250.0,7215.0,7500.0,8000.0,7479.38,7712.12,9851.0,9210.2807,9210.2807,8999.0,8669.16,8796.84981874,8111.0,8000.0,8999.59,9869.54,9559.96,9478.77,9081.4360236,9478.77,10000.0,10000.0,10000.0,10000.0,10000.0,10000.0,10000.0,10000.0,10000.0,10000.0,10000.0,10000.0,10000.00000001,10000.00020001,10000.00066901
83,50.0,50.0,50.0,50.0,50.0,50.0,50.0,50.0,50.0,50.0,50.0,50.0,50.0,50.0,150.0,600.0,946.36,1349.39,2245.0,2509.66,4000.0,4350.05,5200.0,6900.0,7001.42,7001.42,7033.23,7496.0,8000.0,7400.0,7500.0,9780.0,9081.4360236,9101.05796153,8796.84981874,8602.7265,8739.3519542,8000.0,7941.06,8999.0,9851.0,9478.77,9424.0,9007.97806259,9424.0,10000.0,10000.0,10000.0,10000.0,10000.0,10000.0,10000.0,10000.0,10000.0,10000.0,10000.0,10000.0,10000.00000001,10000.00020001,10000.00056901
84,50.0,50.0,50.0,50.0,50.0,50.0,50.0,50.0,50.0,50.0,50.0,50.0,50.0,50.0,119.01,600.0,900.0,1217.0,2244.0,2500.0,4000.0,4250.0,5100.0,6742.63,6999.0,6999.0,7012.58,7372.0,7941.06,7372.0,7500.0,9699.79333537,9000.0,9081.4360236,8720.0,8111.0,8669.16,8000.0,7900.65,8901.33618658,9815.5,9444.0,9260.0,8999.0,9260.0,10000.0,10000.0,10000.0,10000.0,10000.0,10000.0,10000.0,10000.0,10000.0,10000.0,10000.0,10000.0,10000.00000001,10000.00020001,10000.00056901
85,50.0,50.0,50.0,50.0,50.0,50.0,50.0,50.0,50.0,50.0,50.0,50.0,50.0,50.0,100.0,600.0,895.65,1050.0,2200.0,2500.0,3900.0,4250.0,5000.0,6705.0,6900.0,6969.69,6999.0,7250.0,7530.0,7000.0,7400.0,9478.77,8999.59,9000.0,8669.16,8000.0,8148.6,8000.0,7799.0,8418.9,9751.0,9300.0,9210.2807,8949.01,9210.2807,10000.0,10000.0,10000.0,10000.0,10000.0,10000.0,10000.0,10000.0,10000.0,10000.0,10000.0,10000.0,10000.00000001,10000.00020001,10000.00056901
86,50.0,50.0,50.0,50.0,50.0,50.0,50.0,50.0,50.0,50.0,50.0,50.0,50.0,50.0,100.0,569.61,852.64,1000.0,2190.0,2500.0,3750.02,4219.5,5000.0,6700.14,6900.0,6900.65,6969.69,6999.0,7500.0,6999.0,7372.0,9444.0,8999.0,8999.59,8215.95177394,7941.06,8111.0,7941.06,7779.96,8376.56394362,9478.77,9260.0,9081.4360236,8706.5,9081.4360236,10000.0,10000.0,10000.0,10000.0,10000.0,10000.0,10000.0,10000.0,10000.0,10000.0,10000.0,10000.0,10000.00000001,10000.00020001,10000.00056901
87,50.0,50.0,50.0,50.0,50.0,50.0,50.0,50.0,50.0,50.0,50.0,50.0,50.0,50.0,100.0,550.0,850.0,1000.0,2100.02,2500.0,3700.0,4170.0,5000.0,6679.88,6850.06,6900.0,6910.0,6969.69,7500.0,6926.85,7288.33,9260.0,8000.0,8999.0,8000.0,7900.65,8000.0,7900.65,7659.1,8111.0,9444.0,9210.2807,8999.0,8418.9,8999.0,10000.0,9924.81999112,10000.0,10000.0,10000.0,10000.0,10000.0,10000.0,10000.0,10000.0,10000.0,10000.0,10000.00000001,10000.00020001,10000.00056901
88,50.0,50.0,50.0,50.0,50.0,50.0,50.0,50.0,50.0,50.0,50.0,50.0,50.0,50.0,100.0,550.0,844.95,1000.0,2100.0,2500.0,3555.0,4150.0,5000.0,6625.0,6705.0,6900.0,6900.0,6900.0,7372.0,6925.18,7000.01234567,9210.2807,7941.06,8881.01234567,7941.06,7799.0,8000.0,7799.0,7500.0,8001.0,9392.0,9081.4360236,8949.01,8376.56394362,8872.137451,10000.0,9851.0,10000.0,10000.0,10000.0,10000.0,10000.0,10000.0,10000.0,10000.0,10000.0,10000.0,10000.00000001,10000.00020001,10000.00056901
89,50.0,50.0,50.0,50.0,50.0,50.0,50.0,50.0,50.0,50.0,50.0,50.0,50.0,50.0,100.0,550.0,801.0,1000.0,2100.0,2500.0,3423.73,4000.0,5000.0,6600.0,6679.88,6850.06,6850.06,6850.41,7000.0,6800.65,7000.0,9081.4360236,7900.65,8669.16,7900.65,7777.77777777,8000.0,7779.96,7495.92220067,8000.0,9300.0,9050.0,8509.88402864,8250.0,8856.0,9924.81999112,9765.8367,9924.81999112,10000.0,10000.0,10000.0,10000.0,10000.0,10000.0,10000.0,10000.0,10000.0,10000.00000001,10000.00010001,10000.00056901
90,50.0,50.0,50.0,50.0,50.0,50.0,50.0,50.0,50.0,50.0,50.0,50.0,50.0,50.0,99.99,550.0,800.0,1000.0,2006.15,2450.05,3291.02,4000.0,5000.0,6400.0,6635.37,6705.0,6800.65,6850.06,7000.0,6705.0,6999.0,9000.0,7799.0,8000.0,7799.0,7500.0,7941.06,7500.0,7400.0,8000.0,9260.0,8999.59,8418.9,8000.0,8839.65,9869.54,9753.54,9851.0,10000.0,10000.0,10000.0,10000.0,10000.0,10000.0,10000.0,10000.0,10000.0,10000.00000001,10000.00000002,10000.00056901
91,50.0,50.0,50.0,50.0,50.0,50.0,50.0,50.0,50.0,50.0,50.0,50.0,50.0,50.0,82.51,509.56,800.0,985.0,2000.05,2450.0,3250.0,4000.0,5000.0,6062.74,6625.0,6679.88,6705.0,6800.65,6999.0,6660.0,6954.61,8999.59,7712.12,7941.06,7777.77777777,7495.92220067,7900.65,7495.92220067,7372.0,8000.0,9210.2807,8999.0,8376.56394362,8000.0,8785.748,9851.0,9659.77,9765.8367,10000.0,10000.0,10000.0,10000.0,10000.0,10000.0,10000.0,10000.0,10000.0,10000.00000001,10000.00000001,10000.00056901
92,50.0,50.0,50.0,50.0,50.0,50.0,50.0,50.0,50.0,50.0,50.0,50.0,50.0,50.0,61.0,500.02,797.58,950.0,2000.0,2350.0,3233.17,4000.0,4999.0,6050.0,6600.0,6635.37,6635.37,6705.0,6969.69,6592.0,6926.85,8999.0,7500.0,7900.65,7500.0,7400.0,7799.0,7400.0,7000.0,7962.22307692,9168.0067646,8874.0,8000.0,8000.0,8680.0,9659.77,9478.77,9723.304,10000.0,10000.0,10000.0,10000.0,10000.0,10000.0,10000.0,10000.0,9987.00000001,10000.00000001,10000.00000001,10000.00046901
93,50.0,50.0,50.0,50.0,50.0,50.0,50.0,50.0,50.0,50.0,50.0,50.0,50.0,50.0,52.01,500.0,750.0,946.36,1988.0,2320.41,3200.0,4000.0,4615.0,6000.0,6400.0,6625.0,6400.0,6635.37,6900.0,6550.0,6925.18,8348.0,7495.92220067,7799.0,7495.92220067,7372.0,7779.96,7372.0,6999.0,7941.06,9100.0,8500.0,7941.06,7941.06,8418.9,9500.0,9424.0,9659.77,9924.81999112,10000.0,10000.0,10000.0,10000.0,10000.0,10000.0,10000.0,9952.0,9987.00000002,10000.00000001,10000.00036902
94,50.0,50.0,50.0,50.0,50.0,50.0,50.0,50.0,50.0,50.0,50.0,50.0,50.0,50.0,50.44,500.0,750.0,905.0,1985.0,2290.0,3100.0,4000.0,4454.74,5900.0,6350.13,6600.0,6325.0,6511.96,6828.15824,6511.96,6898.0,8000.0,7400.0,7712.12,7400.0,7151.47,7777.77777777,7000.0,6925.18,7911.11,9081.4360236,8418.9,7926.17378213,7911.11,8376.56394362,9500.0,9260.0,9478.77,9851.0,10000.0,10000.0,10000.0,10000.0,10000.0,10000.0,10000.0,9903.33333333,9903.33333333,10000.00000001,10000.00036901
95,50.0,50.0,50.0,50.0,50.0,50.0,50.0,50.0,50.0,50.0,50.0,50.0,50.0,50.0,50.26,500.0,750.0,900.0,1860.52,2276.7800004,3005.0,4000.0,4337.0,5850.0,6062.74,6400.0,6250.13,6400.0,6801.12,6450.0,6705.0,7941.06,7372.0,7614.01454683,7372.0,7000.0,7527.74,6999.0,6893.0,7900.65,8999.59,8376.56394362,7911.11,7900.65,8000.0,9478.77,9210.2807,9424.0,9785.914,9924.81999112,10000.0,10000.0,10000.0,10000.0,10000.0,9952.0,9851.0,9851.00000001,10000.00000001,10000.00036901
96,50.0,50.0,50.0,50.0,50.0,50.0,50.0,50.0,50.0,50.0,50.0,50.0,50.0,50.0,50.22,500.0,726.29,895.65,1858.2,2275.0,3000.0,3995.0,4283.2,5678.0,6050.0,6350.13,6152.1,6309.4,6800.65,6400.0,6660.0,7900.65,7345.73,7500.0,7151.47,6999.0,7500.0,6925.18,6705.0,7799.0,8999.0,8000.0,7900.65,7799.0,8000.0,9424.0,9081.4360236,9260.0,9731.7567,9851.0,10000.0,10000.0,10000.0,10000.0,9851.0,9851.0,9645.328808,9645.32880801,10000.00000001,10000.00036901
97,50.0,50.0,50.0,50.0,50.0,50.0,50.0,50.0,50.0,50.0,50.0,50.0,50.0,50.0,50.14,500.0,700.0,875.0,1855.0,2250.0,3000.0,3750.02,4250.0,5600.81,6000.0,6062.74,6062.74,6226.33,6705.0,6400.0,6592.0,7799.0,7151.47,7495.92220067,7000.0,6926.85,7495.92220067,6705.0,6691.64,7779.96,8418.9,8000.0,7799.0,7779.96,8000.0,9260.0,9000.0,9210.2807,9659.77,9681.8057,10000.0,9940.45997866,10000.0,10000.0,9645.328808,9645.328808,9478.77,9478.77000001,9987.00030002,10000.00036901
98,50.0,50.0,50.0,50.0,50.0,50.0,50.0,50.0,50.0,50.0,50.0,50.0,50.0,50.0,50.12,500.0,696.22,852.64,1832.0,2245.52,3000.0,3555.0,4250.0,5200.0,5900.0,6000.0,6000.0,6155.65,6511.96,6355.1,6550.0,7712.12,7000.0,7400.0,7000.0,6925.18,7400.0,6691.64,6660.0,7659.1,8376.56394362,8000.0,7779.96,7660.93946001,8000.0,9210.2807,9000.0,9081.4360236,9478.77,9478.77,9924.81999112,9851.0,9851.0,10000.0,9478.77,9478.77,9473.2363144,9424.78107851,9967.05428963,10000.00036901
99,50.0,50.0,50.0,50.0,50.0,50.0,50.0,50.0,50.0,50.0,50.0,50.0,50.0,50.0,50.12,500.0,652.57,800.0,1800.0,2200.0,3000.0,3400.0,4219.5,5000.0,5692.14,5900.0,5900.0,6111.1,6400.0,6309.4,6511.96,7500.0,6999.0,7372.0,6999.0,6723.79,7372.0,6660.0,6592.0,7500.0,8000.0,8000.0,7756.61838754,7659.1,8000.0,9081.4360236,8999.0,8999.0,9424.0,9424.0,9851.0,9478.77,9478.77,9851.0,9424.7810785,9424.7810785,9424.7810785,9381.00000001,9888.92520721,10000.00036901
100,50.0,50.0,50.0,50.0,50.0,50.0,50.0,50.0,50.0,50.0,50.0,50.0,50.0,50.0,50.1,500.0,630.0,750.0,1757.14,2100.02,3000.0,3333.33,4150.0,5000.0,5350.0,5650.51,5613.86,6002.8153327,6309.4,6308.2495,6450.0,7495.92220067,6926.85,7345.73,6926.85,6705.0,7000.0,6592.0,6550.0,7495.92220067,8000.0,7941.06,7660.93946001,7501.0,7941.06,9000.0,8893.1731352,8788.01578554,9340.17139894,9343.57362927,9478.77,9424.7810785,9424.7810785,9669.18075295,9361.1962986,9260.0,9260.0,9260.0,9851.00020001,10000.0